/*
SQLyog Ultimate v12.09 (64 bit)
MySQL - 8.0.29 : Database - zoo
*********************************************************************
*/

/*!40101 SET NAMES utf8 */;

/*!40101 SET SQL_MODE=''*/;

/*!40014 SET @OLD_UNIQUE_CHECKS=@@UNIQUE_CHECKS, UNIQUE_CHECKS=0 */;
/*!40101 SET @OLD_SQL_MODE=@@SQL_MODE, SQL_MODE='NO_AUTO_VALUE_ON_ZERO' */;
/*!40111 SET @OLD_SQL_NOTES=@@SQL_NOTES, SQL_NOTES=0 */;
/*Table structure for table `activity` */

CREATE TABLE `activity` (
  `id` int NOT NULL AUTO_INCREMENT COMMENT 'ID',
  `title` varchar(255) CHARACTER SET utf8mb4 COLLATE utf8mb4_unicode_ci DEFAULT NULL COMMENT '活动标题',
  `image` varchar(255) CHARACTER SET utf8mb4 COLLATE utf8mb4_unicode_ci DEFAULT NULL COMMENT '活动封面图',
  `introduce` varchar(255) CHARACTER SET utf8mb4 COLLATE utf8mb4_unicode_ci DEFAULT NULL COMMENT '活动介绍',
  `content` longtext COLLATE utf8mb4_unicode_ci COMMENT '具体内容',
  `time` varchar(255) CHARACTER SET utf8mb4 COLLATE utf8mb4_unicode_ci DEFAULT NULL COMMENT '活动时间',
  `publish_date` varchar(255) CHARACTER SET utf8mb4 COLLATE utf8mb4_unicode_ci DEFAULT NULL COMMENT '发布日期',
  PRIMARY KEY (`id`) USING BTREE
) ENGINE=InnoDB AUTO_INCREMENT=16 DEFAULT CHARSET=utf8mb4 COLLATE=utf8mb4_unicode_ci ROW_FORMAT=DYNAMIC COMMENT='活动表';

/*Data for the table `activity` */

insert  into `activity`(`id`,`title`,`image`,`introduce`,`content`,`time`,`publish_date`) values (1,'大象展示与讲解','http://192.168.10.15:9090/files/1739608072886-t0404e434bf70ffdd8b.jpg','近距离观赏大象风采，聆听专业讲解，了解大象生活习性。','<h3 style=\"text-align: left;\"><span style=\"color: rgb(140, 140, 140);\">?【走进巨兽世界】动物园大象展示与讲解活动?</span></h3><p style=\"text-align: left;\"><br></p><p style=\"text-align: left;\">亲爱的游客朋友们，</p><p style=\"text-indent: 2em; text-align: left;\">在这个充满生机与活力的季节里，我们动物园即将为您带来一场别开生面的大象展示与讲解活动！?</p><p style=\"text-indent: 2em; text-align: left;\"><br></p><p style=\"text-align: left;\">? <strong>活动时间</strong>：2023年2月6日上午10:00-12:00</p><p style=\"text-align: left;\"><br></p><p style=\"text-align: left;\">? <strong>活动地点</strong>：动物园大象馆户外展区</p><p style=\"text-align: left;\"><br></p><p style=\"text-align: left;\">?<strong> 活动亮点</strong>：</p><p style=\"text-align: left;\"><img src=\"https://pic.5tu.cn/uploads/allimg/2107/pic_5tu_big_6263316_fd94dc5b9edfa6cd56bf72f4c2b7a764.jpg\" alt=\"大象\" data-href=\"http://pic.5tu.cn/photo/202107/yesheng-1754102.html\" style=\"\"></p><p style=\"text-align: left;\">近距离观察：您将有机会近距离观察大象的日常生活，感受这些巨兽的温柔与智慧。</p><p style=\"text-align: left;\">专业讲解：我们的资深饲养员将现场为您讲解大象的生活习性、生态需求以及保护现状，让您更深入地了解这些陆地上的庞然大物。</p><p style=\"text-align: left;\">互动环节：参与互动问答，赢取精美礼品，让您的孩子也能在玩乐中学到知识。</p><p style=\"text-align: left;\"><br></p><p style=\"text-align: left;\">?<strong> 活动意义</strong>：</p><p style=\"text-indent: 2em; text-align: left;\">此次活动旨在提高公众对大象保护的认识，呼吁大家共同关注野生动物保护事业，携手共创人与自然和谐共生的美好未来。</p><p style=\"text-indent: 2em; text-align: left;\"><br></p><p style=\"text-align: left;\">? <strong>报名方式</strong>：</p><p style=\"text-indent: 2em; text-align: left;\">无需报名，直接前往即可。我们期待您的到来，一起走进大象的世界，感受大自然的神奇与魅力！</p><p style=\"text-indent: 2em; text-align: left;\"><br></p>','2023-02-06 10:00:00 ~ 2023-02-06 12:00:00','2023-02-01'),(2,'猴子互动体验','http://192.168.10.15:9090/files/1739608877404-190190-1.jpg','与活泼可爱的猴子亲密互动，体验喂食与嬉戏的乐趣。','在活动中，您将有机会与我们的猴子进行亲密互动，了解它们的行为习惯，并有机会参与喂食和简单的训练活动。这将是一次难忘的体验，让您更深入地了解猴子的世界。','2023-03-08 10:00:00 ~ 2023-03-12 16:00:00','2023-03-15'),(3,'动物科普讲座','http://192.168.10.15:9090/files/1739609173048-PhJKG3-25SSCW2vzMWtGXMYI86GsKF5A2S.jpg','专家讲解动物知识，揭秘动物世界的奥秘，拓宽视野。','本次讲座将邀请专家为大家讲解动物的生态和进化，以及保护动物的重要性。通过生动的案例和图片，让大家更深入地了解动物世界的奥秘。','2023-04-10 14:00:00 ~ 2023-04-14 18:00:00','2023-04-10'),(4,'鸟类绘画活动','http://192.168.10.15:9090/files/1739610693234-6ce56adfe99d4d00dbb21476148972f2441e3e24.jpg','用画笔描绘多彩鸟类，激发艺术灵感，感受自然之美。','在专业画家的指导下，您将学习如何绘制各种美丽的鸟类。这不仅是一次艺术创作的体验，还能让您更深入地了解鸟类的形态和习性。','2023-05-15 09:00:00 ~ 2023-05-19 17:00:00','2023-05-10'),(5,'手工制作动物模型','http://192.168.10.15:9090/files/1739611317164-v_134369727_m_601_480_270.jpg','动手制作精美动物模型，培养动手能力与创造力。','通过手工制作各种动物模型，您将能够更深入地了解动物的形态和结构。这是一次亲子活动的好机会，家长可以和孩子一起动手制作。','2023-06-20 11:00:00 ~ 2023-06-24 13:00:00','2023-06-15'),(6,'动物领养日','http://192.168.10.15:9090/files/1739611538945-a67c0148d7e672b862aec03fa3b9541e.jpg','为流浪动物寻找温暖的家，传递爱心与责任。','本次活动旨在推广动物领养，让更多的人了解并参与到动物保护中来。您可以在活动中领养一只流浪动物，给它一个温暖的家。','2023-07-25 13:00:00 ~ 2023-07-29 15:00:00','2023-07-20'),(7,'中秋节优惠活动','http://192.168.10.15:9090/files/1739611892747-t01b351ab2abeb1a7dc.jpg','中秋佳节，购票享优惠，与家人共度欢乐时光。','在中秋节期间，动物园将推出各种优惠活动，包括门票打折、动物喂食体验等。这是一个与家人共度佳节的好去处。','2023-09-29 08:00:00 ~ 2023-10-03 18:00:00','2023-09-25'),(8,'海洋动物展示','http://192.168.10.15:9090/files/1739612152387-Img382804331.jpg','探索神秘海底世界，观赏珍稀海洋动物，震撼人心。','本次活动将展示各种海洋动物，包括海豚、海龟和海狮等。通过专业的讲解和互动体验，您将能够更深入地了解这些神秘的海洋生物。','2023-11-01 10:00:00 ~ 2023-11-05 12:00:00','2023-10-28'),(9,'动物摄影比赛','http://192.168.10.15:9090/files/1739612562578-t04997ea6a066b5fc3d.jpg','捕捉动物精彩瞬间，分享你的摄影作品，赢取丰厚奖品。','邀请摄影爱好者前来动物园捕捉动物的精彩瞬间。优秀作品将在动物园内展示，并有机会获得丰厚奖品。','2023-12-06 09:00:00 ~ 2023-12-10 11:00:00','2023-12-01'),(10,'春季踏青活动','http://192.168.10.15:9090/files/1739612631790-05182725411.jpg','春日里踏青赏花，与大自然亲密接触，感受生机盎然。','在春天这个美好的季节里，动物园将推出春季踏青活动。您可以和家人朋友一起漫步在动物园内，欣赏美丽的自然风光。','2024-03-15 12:00:00 ~ 2024-03-19 14:00:00','2024-03-10'),(11,'动物绘画比赛','http://192.168.10.15:9090/files/1739612700110-t01b42197774ba433f7.jpg','发挥想象，绘制心中最爱的动物，展现艺术才华。','邀请儿童参加动物绘画比赛，发挥他们的想象力和创造力，绘制出他们心中的动物世界。优秀作品将在动物园内展示。','2024-05-20 11:00:00 ~ 2024-05-24 13:00:00','2024-05-15'),(12,'手工制作动物乐园','http://192.168.10.15:9090/files/1739675008326-v_128421598_m_601_480_270.jpg','创造属于自己的动物乐园，享受DIY的乐趣。','家长可以和孩子一起动手制作各种动物造型的玩具和装饰品，打造出一个属于自己的动物乐园。','2024-07-28 10:00:00 ~ 2024-08-01 12:00:00','2024-07-20'),(13,'动物领养宣传活动','http://192.168.10.15:9090/files/1739675348544-t01fd21b5c936030c58.jpg','倡导领养代替购买，关爱动物，共建和谐社会。','<h3><span style=\"color: rgb(247, 89, 171);\">?【爱的传递】动物园领养日，与你共筑温馨家园?</span></h3><p><br></p><p><strong>?活动时间：</strong></p><p>2024年10月10日上午9:00 - 下午15:00</p><p><br></p><h4>?【图片展示】?</h4><p><img src=\"https://nimg.ws.126.net/?url=http%3A%2F%2Fdingyue.ws.126.net%2FaBwvblSnksXXlDFcBYNoiKojJggaud0vwICPQrGKpdgHc1531310974160compressflag.jpg&thumbnail=650x2147483647&quality=80&type=jpg\" alt=\"\" data-href=\"https://www.163.com/dy/article/DMF8APOJ0524KTM1.html\" style=\"\"/></p><p><br></p><p style=\"text-indent: 2em;\">在这个温暖的春日里，我们的动物园不仅仅是一个观赏自然奇趣的地方，更是一个传递爱与希望的桥梁。通过这段视频，让我们先睹为快，看看那些等待着你给予温暖家庭的小生命们吧！</p><p><br></p><h4>?【领养活动详情】?</h4><p><br></p><p style=\"text-indent: 2em;\">亲爱的朋友们，你是否曾梦想过给自己的生活添上一抹不同的色彩，给予一个无辜生命一个永远的家？动物园即将举办一场特别的动物领养日活动，诚邀您来参与这场爱的接力！</p><p><br></p><p><strong>? 领养对象：</strong>本次活动将开放部分适合家庭饲养的小动物领养，包括但不限于兔子、仓鼠、鹦鹉等，具体名单及要求将在活动现场公布。</p><p><br></p><h4>? 领养流程：</h4><p><br></p><p>了解与咨询：活动当天，您可以先与我们的动物护理专家交流，了解每种动物的生活习性与养护知识。</p><p>填写申请表：有意领养的家庭需填写领养申请表，承诺为小动物提供一个安全、健康的生活环境。</p><p>领养确认：经过审核后，您将有机会正式领养您心仪的小动物，并获得一份详细的养护指南。</p><p><br></p><h4>?【爱的承诺】?</h4><p><br></p><p style=\"text-indent: 2em;\">领养，不仅是一份责任，更是一份爱的承诺。我们希望每一只小动物都能找到最适合它的家，也希望每一位领养者都能以最大的爱心与耐心，陪伴它们成长，共同创造美好的回忆。</p><p><br></p><p><strong>?地点：</strong>动物园领养活动区</p><p><strong>?咨询热线：</strong>028-2463-6378</p><p><br></p><p><span style=\"color: rgb(247, 89, 171);\">让我们相约在这个春天，用行动诠释“领养代替购买”，为这个世界增添更多温暖与爱意吧！?</span></p>','2024-10-10 09:00:00 ~ 2024-10-10 15:00:00','2024-10-05'),(14,'春节节日优惠','http://192.168.10.15:9090/files/1739675699512-w700d1q75cms.jpg','春节特惠，购票享折扣，与家人一起迎接新春。','<h3 style=\"text-align: center;\"><span style=\"color: rgb(255, 77, 79);\">?动物园春节大放价！欢乐优惠等你来享！?</span></h3><p><br></p><p>?<strong>活动时间</strong>：2025年1月28日-2025年2月4日（农历腊月二十九至正月初七）</p><p><br></p><p>亲爱的朋友们，?</p><p style=\"text-indent: 2em;\">春节的脚步越来越近啦！为了让大家在这个充满欢声笑语的节日里，与家人朋友共享更多欢乐时光，我们动物园特地准备了一场盛大的春节节日优惠活动！?</p><p><br></p><p style=\"text-indent: 2em;\">活动期间，凡购票入园的游客均可享受以下超值优惠：</p><p>所有购票入园的游客均可享受门票8折优惠！</p><p>家庭套票（两大一小）更是低至7折，让您带着宝贝一起探索动物世界的奥秘！</p><p>限时抽奖活动：每天前100名购票入园的游客，均有机会参与现场抽奖，奖品包括但不限于动物园年卡、精美动物画册等！?</p><p><br></p><p style=\"text-indent: 2em;\">快来抓住这次难得的机会，与家人朋友一同畅游动物园，感受大自然的神奇魅力吧！???</p><p style=\"text-align: center;\"><span style=\"color: rgb(255, 122, 69);\">我们在这里等你，不见不散！?</span></p><p><br></p><p>?<strong>活动地点</strong>：动物园</p><p>?<strong>咨询热线</strong>：243-5347-9353</p>','2025-01-28 08:00:00 ~ 2025-02-04 18:00:00','2025-01-25'),(15,'春季踏青与手工制作','http://192.168.10.15:9090/files/1739675810054-t012893f234dcb07aec.jpg','春游赏花后，动手制作纪念品，留住美好瞬间。','<h3>?? <span style=\"color: rgb(115, 209, 61);\">春日盛宴，踏青+手工，欢乐无限！</span>??</h3><p><br></p><p> &nbsp; &nbsp; &nbsp; &nbsp;亲爱的朋友们，随着春风的轻拂，万物复苏，动物园在这个充满生机的季节里，为您精心准备了一场春季踏青与手工制作活动的盛宴！</p><h4></h4><p><br></p><h4>? 活动时间：2025年2月10日 9:00-12:00</h4><p><br></p><h4>? 活动地点：动物园内（具体区域活动当天会有指示牌引导）</h4><h4></h4><p><br></p><h4>?? 踏青篇 ??</h4><p><br></p><p> &nbsp; &nbsp; &nbsp; &nbsp;想象一下，您和家人朋友漫步在动物园的绿意盎然中，耳边是鸟儿的欢歌，眼前是动物们活泼的身影。这不仅仅是一次简单的出游，更是一场心灵的洗礼，让您忘却都市的喧嚣，沉醉于大自然的怀抱。</p><h4></h4><p><br></p><h4>??️ 网络美图分享 ?️?</h4><p><br></p><p><img src=\"https://nimg.ws.126.net/?url=http%3A%2F%2Fdingyue.ws.126.net%2F5TEXCV7IcoVfOfQblEWBS%3D27DCDuZTYWUZv0eXewDNwlN1551533789438.jpg&thumbnail=660x2147483647&quality=80&type=jpg\" alt=\"走进动物园 亲子踏青乐\" data-href=\"https://dy.163.com/article/E99UE7MG05444L6D.html\" style=\"width: 300px;\"/></p><p><br></p><p>??️ <strong>手工制作篇 </strong>?️?</p><p><br></p><p> &nbsp; &nbsp; &nbsp; &nbsp;踏青之余，我们还为您准备了丰富多彩的手工制作活动。在这里，您可以亲手制作出各种可爱的动物造型装饰品，将这份春天的记忆带回家。无论是亲子互动，还是朋友间的协作，都能让您的这次动物园之旅更加难忘。</p><p><br></p><p><br></p><p>?✨ <strong>手工活动亮点</strong> ✨?</p><p><br></p><p>?‍? 专业手工老师现场指导</p><p>? 材料齐全，无需自备</p><p>? 成品可带走，留下美好回忆</p><p>?? 快来加入我们，一起享受这个春天的盛宴吧！ ??</p><p><br></p><p>?️ 名额有限，先到先得哦！快来动物园，与我们共度一个充满欢笑与创意的春日时光吧！??</p>','2025-02-10 09:00:00 ~ 2025-02-10 12:00:00','2025-02-05');

/*Table structure for table `admin` */

CREATE TABLE `admin` (
  `id` int NOT NULL AUTO_INCREMENT COMMENT 'ID',
  `username` varchar(255) CHARACTER SET utf8mb4 COLLATE utf8mb4_unicode_ci NOT NULL COMMENT '账号',
  `password` varchar(255) CHARACTER SET utf8mb4 COLLATE utf8mb4_unicode_ci NOT NULL COMMENT '密码',
  `name` varchar(255) CHARACTER SET utf8mb4 COLLATE utf8mb4_unicode_ci DEFAULT NULL COMMENT '名称',
  `avatar` varchar(255) CHARACTER SET utf8mb4 COLLATE utf8mb4_unicode_ci DEFAULT NULL COMMENT '头像',
  `role` varchar(255) CHARACTER SET utf8mb4 COLLATE utf8mb4_unicode_ci NOT NULL DEFAULT 'admin' COMMENT '角色标识',
  PRIMARY KEY (`id`) USING BTREE
) ENGINE=InnoDB AUTO_INCREMENT=3 DEFAULT CHARSET=utf8mb4 COLLATE=utf8mb4_unicode_ci ROW_FORMAT=DYNAMIC COMMENT='管理员表';

/*Data for the table `admin` */

insert  into `admin`(`id`,`username`,`password`,`name`,`avatar`,`role`) values (1,'admin','123456','管理员','http://192.168.10.15:9090/files/1739256847358-h2.png','admin'),(2,'admin1','123456','admin1','http://192.168.10.15:9090/files/1739348870766-head.png','admin');

/*Table structure for table `animal` */

CREATE TABLE `animal` (
  `id` int NOT NULL AUTO_INCREMENT COMMENT 'ID',
  `name` varchar(255) CHARACTER SET utf8mb4 COLLATE utf8mb4_unicode_ci DEFAULT NULL COMMENT '动物名称',
  `content` text COLLATE utf8mb4_unicode_ci COMMENT '动物介绍',
  `type_id` int DEFAULT NULL COMMENT '动物分类ID',
  `pic_url` varchar(255) CHARACTER SET utf8mb4 COLLATE utf8mb4_unicode_ci DEFAULT NULL COMMENT '动物图片',
  `x` double unsigned NOT NULL COMMENT '经度',
  `y` double unsigned NOT NULL COMMENT '纬度',
  PRIMARY KEY (`id`) USING BTREE
) ENGINE=InnoDB AUTO_INCREMENT=28 DEFAULT CHARSET=utf8mb4 COLLATE=utf8mb4_unicode_ci ROW_FORMAT=DYNAMIC COMMENT='动物信息表';

/*Data for the table `animal` */

insert  into `animal`(`id`,`name`,`content`,`type_id`,`pic_url`,`x`,`y`) values (1,'大熊猫','大熊猫是中国特有的珍稀哺乳动物，被誉为\"活化石\"。成年个体体长1.2-1.8米，体重80-120公斤。主要以竹子为食，每天进食时间长达12小时。具有标志性的黑白相间毛色，拇指状腕骨突帮助抓握竹竿。现存野生种群约1864只，主要分布在四川、陕西、甘肃的山区。',1,'http://192.168.10.15:9090/files/1739777063763-t015fe0045611a7079d.jpg',113.39292,23.03849),(2,'东北虎','现存体型最大的猫科动物，体长可达3米，体重300公斤以上。独居夜行性动物，具有极强的游泳能力，活动范围可达100平方公里。每胎产2-4仔，幼崽跟随母虎生活2-3年。我国现存野生东北虎约60只，主要分布在东北虎豹国家公园。',1,'http://192.168.10.15:9090/files/1739675699512-w700d1q75cms.jpg',113.39163,23.03948),(3,'长颈鹿','现存最高的陆生动物，成年雄性高4.8-5.5米，体重900-1200公斤。具有独特的心血管系统：心脏重达11公斤，血压是人类的3倍。长颈鹿的舌头长达45厘米，可灵巧卷取树叶。斑纹图案具有个体识别功能，群体社会结构复杂。',1,'http://192.168.10.15:9090/files/1739776433025-38858936_1411370837895_mthumb.jpg',113.39981,23.03754),(4,'亚洲象','亚洲现存最大的陆生动物，体长5.5-6.4米，肩高2.5-3米，体重约5吨。每天需要进食150公斤植物，饮水量达200升。象群由年长雌象领导，使用次声波进行远距离交流。象牙实际是特化的上门齿，雌雄均有但雄性较长。',1,'http://192.168.10.15:9090/files/1739608072886-t0404e434bf70ffdd8b.jpg',113.38996,23.03813),(5,'金丝猴','我国特有珍稀灵长类，体长约70厘米，尾长与体长相当。具有亮丽的金色毛发和蓝色面孔，栖息在海拔1500-3300米的针阔混交林中。群体规模20-200只，实行\"一夫多妻\"制。以树叶、嫩芽、果实为食，冬季会下到低海拔地区觅食。',1,'http://192.168.10.15:9090/files/1739608877404-190190-1.jpg',113.38931,23.03987),(6,'火烈鸟','大型涉禽，体高1.2-1.4米，因食物中的虾青素呈现粉红色羽毛。长腿适合在浅水区行走，镰刀状喙可过滤藻类和小型甲壳动物。集群繁殖，巢穴用泥浆堆砌成圆锥形。求偶时会进行整齐的集体舞蹈表演。',2,'http://192.168.10.15:9090/files/1742384965133-t016fbbdb6dc94f8046.jpg',113.39615,23.03573),(7,'孔雀','雄性孔雀尾上覆羽延长成1.5米的尾屏，展开时形成华丽的眼状斑纹。杂食性，以种子、昆虫、小型爬行动物为食。晨昏活动，夜间栖息树上。鸣叫声洪亮可达2公里，开屏行为既是求偶展示也是警戒信号。',2,'http://192.168.10.15:9090/files/1742384976704-t0157ed083f49a7212e.jpg',113.39779,23.03736),(8,'鸵鸟','现存最大的鸟类，体高2-2.5米，体重可达150公斤。虽然不会飞，但奔跑时速可达70公里。每只脚仅有两个脚趾，适应快速奔跑。蛋重1.5公斤，是现存鸟类中最大的蛋。具有发达的眼睑和睫毛，适应沙漠环境。',2,'http://192.168.10.15:9090/files/1742384987397-t011a967f2ef06339ac.jpg',113.39459,23.03554),(9,'企鹅','南极特有的海洋鸟类，虽然不会飞但擅长游泳，时速可达30公里。密集的羽毛和皮下脂肪帮助抵御严寒。实行严格的一夫一妻制，雄性负责孵化企鹅蛋。群体捕食磷虾、小鱼和鱿鱼，潜水深度可达500米。',2,'http://192.168.10.15:9090/files/1742384995764-t04636a7803eafe2315.jpg',113.39516,23.03947),(10,'丹顶鹤','大型涉禽，体长1.5米，翼展可达2.4米。头顶红色肉冠是性成熟标志，求偶时会进行优美的双鹤舞。栖息在湿地环境，以鱼虾、昆虫、植物根茎为食。迁徙距离可达2000公里，飞行时排成\"人\"字形队列。',2,'http://192.168.10.15:9090/files/1742385007099-t012a41a21a863f3784.jpg',113.39831,23.03882),(11,'湾鳄','现存最大的爬行动物，体长可达7米，体重超1吨。具有极强的咬合力（1900公斤），能进行\"死亡翻滚\"撕扯猎物。可在海水和淡水中生存，通过晒太阳调节体温。巢穴温度决定幼鳄性别：30℃以下为雌性，32℃以上为雄性。',3,'http://192.168.10.15:9090/files/1742385313537-t03db0da5722ca70507.jpg',113.39562,23.03437),(12,'缅甸蟒','亚洲第二大蛇类，体长可达5米。夜行性捕食者，通过热感应器官探测猎物。捕猎时用身体缠绕使猎物窒息，可吞食相当于自身体重70%的猎物。蜕皮周期约2个月，蜕皮前眼睛会变浑浊。',3,'http://192.168.10.15:9090/files/1742385323538-t047ab9c3291791967b.jpg',113.39978,23.03466),(13,'变色龙','具有360度视野的眼睛，可独立转动定位猎物。舌头弹射速度达5米/秒，能在0.07秒内捕获昆虫。皮肤含有纳米晶体结构，通过调整晶体排列改变颜色。每脚分叉为两组趾头，形成钳状抓握结构。',3,'http://192.168.10.15:9090/files/1742385339712-t015e347db1e6e377bf.jpg',113.39823,23.03586),(14,'加拉帕戈斯象龟','现存最大的陆龟，体长1.5米，体重达400公斤。寿命超过150年，新陈代谢率极低，可长时间不进食饮水。不同岛屿的种群演化出独特的背甲形状，达尔文曾以此研究物种演化理论。',3,'http://192.168.10.15:9090/files/1742385348823-t04023da39bc4b8e436.jpg',113.3969,23.03435),(15,'科莫多巨蜥','现存最大的蜥蜴，体长3米，体重70公斤。唾液含50多种细菌，咬伤可致败血症。具有毒腺系统，能分泌抗凝血毒素。雌性可孤雌生殖，幼蜥出生后会立即爬上树躲避成年同类。',3,'http://192.168.10.15:9090/files/1742385367001-t049f60e7fd5ef3f662.jpg',113.39333,23.03587),(16,'非洲牛蛙','体型最大的蛙类之一，体长可达25厘米。具有锋利牙齿和强力下颚，能捕食小型啮齿动物。旱季时会分泌粘液形成茧状结构休眠。雄性具有护卵行为，会攻击接近卵的潜在威胁者。',4,'http://192.168.10.15:9090/files/1742392039117-t0159ff5fab96568288.jpg',113.39394,23.03372),(17,'东方蝾螈','我国特有的小型两栖动物，体长8-12厘米。皮肤分泌神经毒素作为防御机制，鲜艳的腹部颜色是警戒色。幼体具有外鳃，变态后转为肺呼吸。再生能力极强，能再生四肢、心脏和部分大脑组织。',4,'http://192.168.10.15:9090/files/1742392055886-t04b1fb7ffecdaf8f46.jpg',113.39394,23.03372),(18,'箭毒蛙','具有鲜艳警戒色的热带雨林蛙类，体长2-5厘米。皮肤分泌的生物碱毒素可致麻痹死亡，毒性来自食物中的蚂蚁。雄性负责照顾卵和蝌蚪，会将蝌蚪背到不同水域防止同类相食。',4,'http://192.168.10.15:9090/files/1742392119166-t04b02917b952839902.jpg',113.39394,23.03372),(19,'大鲵','我国特有珍稀两栖动物，体长可达1.8米。夜间活动，通过皮肤褶皱进行水下呼吸。寿命可达60年，3-5年才达到性成熟。叫声似婴儿啼哭，故称\"娃娃鱼\"。对水质要求极高，是环境监测的重要指示物种。',4,'http://192.168.10.15:9090/files/1742392209111-t0192d94adfe82cc197.jpg',113.39394,23.03372),(20,'金龙鱼','古老的热带淡水鱼，体长可达90厘米。鳞片呈现金属光泽，具有\"龙须\"状触须。属口孵鱼类，雄鱼会将鱼卵含在口中保护。需要大型水族箱饲养，水温需保持在24-30℃之间。',5,'http://192.168.10.15:9090/files/1742392350665-t01ebbc67b376eef1b3.jpg',113.39543,23.03736),(21,'小丑鱼','体长10-18厘米，与海葵形成共生关系。群体中体型最大的个体为雌性，当雌性死亡后，雄性会变性取代。体表黏液可抵御海葵刺细胞，幼鱼通过接触海葵触手逐步建立免疫。',5,'http://192.168.10.15:9090/files/1742393808311-t04d5d816f32563fda7.jpg',113.39543,23.03736),(22,'鲨鱼','海洋顶级掠食者，具有5-7对鳃裂。皮肤覆盖盾鳞，减少游动阻力。嗅觉极其灵敏，可探测百万分之一浓度的血液。部分种类具有电感受器，能感知生物电场。肝脏占体重25%，储存大量油脂帮助浮力调节。',5,'http://192.168.10.15:9090/files/1742393820706-t01a5962a8cf209a6e7.jpg',113.39543,23.03736),(23,'水母','95%身体由水组成，伞状体直径从1厘米到2米不等。触手具有刺细胞，可释放神经毒素。有些种类具有生物发光能力，通过化学反应产生蓝绿色光。生命周期包括水螅体和水母体两个阶段。',5,'http://192.168.10.15:9090/files/1742393828863-t01fcb4cc392915e78d.jpg',113.39543,23.03736),(24,'小熊猫','小型树栖哺乳动物，体长50-65厘米，具有红褐色毛发和环纹尾巴。昼行性动物，主要食用竹叶，但也吃水果和鸟蛋。足部具有可伸缩的锋利爪子，适合攀爬树木。通过气味标记领地，冬季会降低新陈代谢率节约能量。',1,'http://192.168.10.15:9090/files/1739612562578-t04997ea6a066b5fc3d.jpg',113.39667,23.0388);

/*Table structure for table `comment` */

CREATE TABLE `comment` (
  `id` int NOT NULL AUTO_INCREMENT COMMENT 'ID',
  `score` double(10,2) DEFAULT '0.00' COMMENT '评分',
  `content` text COLLATE utf8mb4_unicode_ci COMMENT '评论内容',
  `img` varchar(255) CHARACTER SET utf8mb4 COLLATE utf8mb4_unicode_ci DEFAULT NULL COMMENT '图片',
  `video` varchar(255) CHARACTER SET utf8mb4 COLLATE utf8mb4_unicode_ci DEFAULT NULL COMMENT '体验视频',
  `approve` int DEFAULT '0' COMMENT '点赞数',
  `time` varchar(255) CHARACTER SET utf8mb4 COLLATE utf8mb4_unicode_ci DEFAULT NULL COMMENT '评论时间',
  `user_id` int DEFAULT NULL COMMENT '用户ID',
  PRIMARY KEY (`id`) USING BTREE
) ENGINE=InnoDB AUTO_INCREMENT=25 DEFAULT CHARSET=utf8mb4 COLLATE=utf8mb4_unicode_ci ROW_FORMAT=DYNAMIC COMMENT='评论表';

/*Data for the table `comment` */

insert  into `comment`(`id`,`score`,`content`,`img`,`video`,`approve`,`time`,`user_id`) values (1,4.00,'动物园环境整洁，动物们状态很好！','http://192.168.10.15:9090/files/1739776433025-38858936_1411370837895_mthumb.jpg',NULL,4,'2024-01-10 09:00:00',1),(2,5.00,'非常棒的体验，适合全家游玩。',NULL,'http://192.168.10.15:9090/files/1739776765474-逛动物园！坐在车里看动物.mp4',3,'2024-01-11 10:15:00',2),(3,4.00,'动物种类很多，孩子特别喜欢。','http://192.168.10.15:9090/files/1739776827069-t01b976addf6e840b9d.jpg',NULL,3,'2024-01-12 11:30:00',3),(4,4.00,'工作人员很友好，讲解详细。','http://192.168.10.15:9090/files/1739776841234-t01bd48978f8801436b.jpg',NULL,3,'2024-01-13 13:45:00',4),(5,3.00,'园区较大，建议早点来。','http://192.168.10.15:9090/files/1739776852018-t01cba311bf203b7c7c.png',NULL,3,'2024-01-14 14:20:00',8),(6,4.00,'卫生条件不错，餐厅价格合理。','http://192.168.10.15:9090/files/1739777022235-t01cc50f183adb6cedf.jpg',NULL,3,'2024-01-15 15:30:00',9),(7,5.00,'表演节目很精彩，不容错过。','http://192.168.10.15:9090/files/1739777030235-t01ebd5cf66963cb297.jpg',NULL,3,'2024-01-16 16:40:00',10),(8,4.00,'交通便利，停车方便。','http://192.168.10.15:9090/files/1739777040147-t01f003a0f3da8c9ece.jpg',NULL,3,'2024-01-17 17:50:00',11),(9,3.00,'部分场馆在维修，略有遗憾。','http://192.168.10.15:9090/files/1739777050256-t010f2f5371760b04cb.jpg',NULL,3,'2024-01-18 18:00:00',12),(10,4.00,'互动体验项目很有趣。','http://192.168.10.15:9090/files/1739777063763-t015fe0045611a7079d.jpg',NULL,3,'2024-01-19 19:10:00',13),(11,4.00,'动物展示区设计得很贴心。','http://192.168.10.15:9090/files/1739777082291-t016bf10a4870be9001.jpg',NULL,2,'2024-01-20 10:25:00',14),(12,4.00,'适合带孩子来学习动物知识。','http://192.168.10.15:9090/files/1739777095873-t016e7befb48406cfd1.jpg',NULL,2,'2024-01-21 11:35:00',15),(13,2.00,'节假日人较多，建议错峰。','http://192.168.10.15:9090/files/1739777104289-t0114eb3c594135612e.jpg',NULL,2,'2024-01-22 12:40:00',16),(14,5.00,'最喜欢鸟类展区，非常美丽。','http://192.168.10.15:9090/files/1739777115168-t0147defba0f7de599a.jpg',NULL,2,'2024-01-23 13:55:00',17),(15,4.00,'园区指引清晰，不会迷路。','http://192.168.10.15:9090/files/1739777124623-t0187aa9eb092e90132.jpg',NULL,2,'2024-01-24 14:05:00',18),(16,3.00,'纪念品商店品种可以再丰富些。','http://192.168.10.15:9090/files/1739777143595-t01868dd689fa0e9105.jpg',NULL,2,'2024-01-25 15:15:00',19),(17,4.00,'动物们都很活泼，看起来健康。','http://192.168.10.15:9090/files/1739777160714-t013553c2151637701b.jpg',NULL,2,'2024-01-26 16:25:00',20),(18,4.00,'整体感觉不错，会推荐给朋友。','http://192.168.10.15:9090/files/1739777202023-t0185417eb86bf04c89.jpg',NULL,2,'2024-01-27 17:35:00',21),(19,2.00,'休息区稍微少了点。',NULL,'http://192.168.10.15:9090/files/1739777239324-逛动物园.mp4',2,'2024-01-28 18:45:00',22),(20,5.00,'一次非常愉快的家庭出游体验！',NULL,'http://192.168.10.15:9090/files/1739777221658-第一次动物园的体验—童年日记.mp4',2,'2024-01-29 19:55:00',23),(21,5.00,'环境好，服务超好！！！','http://192.168.10.15:9090/files/1744299787115-wrhc9RkPIhKOed44f75909e0ad6a77f59404ee134c72.jpg',NULL,0,'2025-04-10 23:43:07',29),(23,4.00,'非常开心的一次体验！','http://192.168.10.15:9090/files/1747640277013-QShYDOAa0i9Sd877aecd997ea6a066b5fc3d030e1012.jpg',NULL,0,'2025-05-19 15:37:57',29),(24,5.00,'11','http://192.168.10.15:9090/files/1747794135004-bQYNvBPTo6SD2aecd518be58544d22dad5f608e92f33.jpg',NULL,0,'2025-05-21 10:22:15',29);

/*Table structure for table `comment_approve` */

CREATE TABLE `comment_approve` (
  `id` int NOT NULL AUTO_INCREMENT COMMENT 'ID',
  `user_id` int NOT NULL COMMENT '用户ID',
  `comment_id` int NOT NULL COMMENT '评论ID',
  PRIMARY KEY (`id`) USING BTREE
) ENGINE=InnoDB AUTO_INCREMENT=81 DEFAULT CHARSET=utf8mb4 COLLATE=utf8mb4_unicode_ci ROW_FORMAT=DYNAMIC COMMENT='评论点赞表';

/*Data for the table `comment_approve` */

insert  into `comment_approve`(`id`,`user_id`,`comment_id`) values (1,2,1),(2,3,1),(3,4,1),(4,5,2),(5,6,2),(6,7,2),(7,8,3),(8,9,3),(9,10,3),(10,11,4),(11,12,4),(12,13,4),(13,14,5),(14,15,5),(15,16,5),(16,17,6),(17,18,6),(18,19,6),(19,20,7),(20,21,7),(21,22,7),(22,23,8),(23,24,8),(24,25,8),(25,26,9),(26,27,9),(27,28,9),(28,6,10),(29,5,10),(30,11,10),(31,1,11),(32,2,11),(33,3,12),(34,4,12),(35,5,13),(36,6,13),(37,7,14),(38,8,14),(39,9,15),(40,10,15),(41,11,16),(42,12,16),(43,13,17),(44,14,17),(45,15,18),(46,16,18),(47,17,19),(48,18,19),(49,19,20),(50,20,20),(79,29,1);

/*Table structure for table `favor` */

CREATE TABLE `favor` (
  `id` int NOT NULL AUTO_INCREMENT COMMENT 'ID',
  `user_id` int NOT NULL COMMENT '用户ID',
  `animal_id` int NOT NULL COMMENT '动物信息ID',
  PRIMARY KEY (`id`) USING BTREE
) ENGINE=InnoDB AUTO_INCREMENT=102 DEFAULT CHARSET=utf8mb4 COLLATE=utf8mb4_unicode_ci ROW_FORMAT=DYNAMIC COMMENT='用户收藏表';

/*Data for the table `favor` */

insert  into `favor`(`id`,`user_id`,`animal_id`) values (1,9,14),(2,14,23),(3,14,13),(4,20,5),(5,19,14),(6,22,23),(7,21,7),(8,4,15),(9,29,17),(10,8,15),(11,20,22),(12,22,10),(13,26,24),(14,25,10),(15,9,13),(16,26,19),(17,10,9),(18,15,17),(19,23,15),(20,3,22),(21,23,1),(22,15,9),(23,19,4),(24,19,8),(25,17,3),(26,14,10),(27,3,3),(28,5,2),(29,23,6),(30,18,11),(31,5,12),(32,1,16),(33,10,4),(34,17,21),(35,14,12),(36,16,1),(37,23,2),(38,12,14),(39,1,6),(40,13,2),(41,27,9),(42,18,14),(43,22,2),(44,4,5),(45,24,1),(46,22,4),(47,16,16),(48,9,5),(49,21,11),(50,19,7),(51,11,4),(52,27,23),(53,7,10),(54,3,14),(55,23,17),(56,28,11),(57,26,16),(58,27,4),(59,18,23),(60,11,6),(61,8,5),(62,6,13),(63,3,2),(64,20,7),(65,27,5),(66,25,20),(67,19,5),(68,5,24),(69,3,13),(70,10,8),(71,23,24),(72,14,7),(73,12,11),(74,22,18),(75,6,24),(76,4,3),(77,6,11),(78,11,22),(79,11,17),(80,15,8),(81,14,14),(82,24,6),(83,19,15),(84,27,2),(85,28,17),(86,19,2),(87,28,15),(88,29,18),(89,2,5),(90,2,2),(91,3,18),(92,20,21),(93,12,23),(94,25,9),(95,1,23),(96,10,15),(97,6,9),(98,7,6),(99,6,21),(100,17,9),(101,29,1);

/*Table structure for table `look` */

CREATE TABLE `look` (
  `id` int NOT NULL AUTO_INCREMENT COMMENT 'ID',
  `user_id` int NOT NULL COMMENT '用户ID',
  `animal_id` int NOT NULL COMMENT '动物信息ID',
  PRIMARY KEY (`id`) USING BTREE
) ENGINE=InnoDB AUTO_INCREMENT=303 DEFAULT CHARSET=utf8mb4 COLLATE=utf8mb4_unicode_ci ROW_FORMAT=DYNAMIC COMMENT='用户浏览表';

/*Data for the table `look` */

insert  into `look`(`id`,`user_id`,`animal_id`) values (1,29,24),(2,21,1),(3,15,9),(4,16,1),(5,26,12),(6,24,21),(7,10,11),(8,23,10),(9,23,18),(10,7,23),(11,27,2),(12,9,23),(13,20,7),(14,8,16),(15,3,2),(16,1,23),(17,9,15),(18,19,21),(19,17,12),(20,5,15),(21,8,5),(22,4,15),(23,12,3),(24,16,11),(25,16,20),(26,14,14),(27,28,8),(28,25,9),(29,24,6),(30,27,15),(31,4,21),(32,21,22),(33,1,16),(34,12,16),(35,2,2),(36,6,3),(37,2,20),(38,3,12),(39,22,2),(40,8,15),(41,28,7),(42,5,20),(43,16,16),(44,18,7),(45,9,6),(46,15,12),(47,12,23),(48,1,13),(49,4,3),(50,13,14),(51,27,4),(52,24,22),(53,27,19),(54,8,1),(55,19,14),(56,11,6),(57,23,22),(58,27,17),(59,10,24),(60,12,11),(61,6,16),(62,20,4),(63,5,13),(64,3,20),(65,16,13),(66,14,13),(67,22,11),(68,27,23),(69,24,16),(70,4,6),(71,9,22),(72,7,10),(73,9,10),(74,25,18),(75,18,14),(76,9,17),(77,17,3),(78,23,8),(79,10,8),(80,15,7),(81,27,7),(82,13,8),(83,21,11),(84,6,9),(85,23,2),(86,4,18),(87,26,22),(88,24,23),(89,10,1),(90,9,9),(91,11,24),(92,25,10),(93,22,18),(94,18,11),(95,20,14),(96,10,16),(97,5,3),(98,20,10),(99,27,13),(100,18,4),(101,13,2),(102,23,3),(103,16,19),(104,13,20),(105,8,10),(106,7,12),(107,3,1),(108,29,1),(109,28,10),(110,15,3),(111,23,1),(112,8,12),(113,11,3),(114,2,16),(115,2,18),(116,26,16),(117,13,15),(118,12,17),(119,23,16),(120,6,11),(121,5,4),(122,5,12),(123,17,10),(124,8,13),(125,20,8),(126,12,24),(127,11,21),(128,28,6),(129,10,4),(130,14,8),(131,20,24),(132,10,15),(133,14,23),(134,5,2),(135,14,2),(136,25,15),(137,13,17),(138,19,3),(139,25,14),(140,7,6),(141,21,7),(142,24,1),(143,24,2),(144,14,22),(145,17,2),(146,6,21),(147,11,11),(148,2,5),(149,27,9),(150,23,4),(151,27,12),(152,13,10),(153,11,22),(154,23,17),(155,22,23),(156,15,2),(157,26,24),(158,27,3),(159,16,5),(160,21,23),(161,25,20),(162,4,12),(163,26,3),(164,19,8),(165,21,17),(166,11,17),(167,15,20),(168,16,17),(169,23,15),(170,19,4),(171,5,24),(172,11,8),(173,24,18),(174,1,4),(175,9,2),(176,3,16),(177,18,16),(178,8,14),(179,9,16),(180,10,6),(181,28,12),(182,1,19),(183,18,9),(184,9,14),(185,10,20),(186,19,15),(187,29,17),(188,19,2),(189,13,4),(190,20,5),(191,17,15),(192,11,14),(193,11,20),(194,6,13),(195,3,3),(196,9,20),(197,2,15),(198,15,22),(199,21,4),(200,10,13),(201,2,8),(202,7,21),(203,12,14),(204,7,5),(205,15,18),(206,18,19),(207,6,4),(208,3,18),(209,27,1),(210,20,15),(211,25,4),(212,19,9),(213,15,17),(214,19,7),(215,10,7),(216,14,19),(217,29,18),(218,5,8),(219,17,21),(220,2,22),(221,26,5),(222,20,9),(223,12,6),(224,11,23),(225,8,17),(226,21,5),(227,22,10),(228,6,2),(229,23,24),(230,8,11),(231,18,23),(232,11,4),(233,6,24),(234,28,14),(235,9,5),(236,14,6),(237,18,24),(238,2,23),(239,20,18),(240,20,21),(241,1,9),(242,20,19),(243,14,15),(244,9,13),(245,27,24),(246,28,15),(247,1,7),(248,19,5),(249,7,14),(250,28,17),(251,25,6),(252,1,24),(253,15,6),(254,23,6),(255,27,5),(256,8,22),(257,18,21),(258,13,6),(259,3,23),(260,3,6),(261,22,12),(262,3,14),(263,14,7),(264,26,11),(265,6,15),(266,22,9),(267,1,6),(268,1,15),(269,28,11),(270,14,12),(271,3,22),(272,21,24),(273,10,5),(274,14,10),(275,7,15),(276,13,3),(277,16,8),(278,6,12),(279,15,19),(280,9,8),(281,15,8),(282,10,22),(283,27,22),(284,21,15),(285,22,4),(286,21,20),(287,5,14),(288,6,8),(289,20,22),(290,10,9),(291,4,5),(292,16,22),(293,13,19),(294,29,15),(295,26,19),(296,3,8),(297,25,13),(298,3,13),(299,17,9),(300,17,6),(301,29,2),(302,29,3);

/*Table structure for table `order` */

CREATE TABLE `order` (
  `id` int NOT NULL AUTO_INCREMENT COMMENT 'ID',
  `order_number` varchar(255) CHARACTER SET utf8mb4 COLLATE utf8mb4_unicode_ci DEFAULT NULL COMMENT '订单号',
  `number` int DEFAULT '0' COMMENT '购买数量',
  `total_price` double(10,2) DEFAULT '0.00' COMMENT '订单总价',
  `create_time` varchar(255) CHARACTER SET utf8mb4 COLLATE utf8mb4_unicode_ci DEFAULT NULL COMMENT '下单时间',
  `use_date` varchar(255) CHARACTER SET utf8mb4 COLLATE utf8mb4_unicode_ci DEFAULT NULL COMMENT '使用日期',
  `state` varchar(255) CHARACTER SET utf8mb4 COLLATE utf8mb4_unicode_ci DEFAULT '待支付' COMMENT '订单状态',
  `user_id` int DEFAULT NULL COMMENT '用户ID',
  `ticket_id` int DEFAULT NULL COMMENT '门票ID',
  `voucher_id` int DEFAULT NULL COMMENT '使用的优惠券ID',
  `discount_amount` double(10,2) DEFAULT '0.00' COMMENT '优惠金额',
  PRIMARY KEY (`id`) USING BTREE
) ENGINE=InnoDB AUTO_INCREMENT=117 DEFAULT CHARSET=utf8mb4 COLLATE=utf8mb4_unicode_ci ROW_FORMAT=DYNAMIC COMMENT='订单表';

/*Data for the table `order` */

insert  into `order`(`id`,`order_number`,`number`,`total_price`,`create_time`,`use_date`,`state`,`user_id`,`ticket_id`,`voucher_id`,`discount_amount`) values (1,'ORD000001194818',3,220.00,'2025-02-16 15:32:05','2025-02-18','待使用',2,2,4,20.00),(2,'ORD000001224364',5,750.00,'2025-01-16 16:16:29','2025-01-18','待使用',2,1,NULL,0.00),(3,'ORD000002547544',1,360.00,'2024-11-09 16:19:46','2024-11-13','已完成',1,4,NULL,0.00),(4,'ORD000003995835',1,100.00,'2024-10-30 16:22:51','2024-11-01','已完成',4,3,NULL,0.00),(5,'ORD000004640069',1,135.00,'2025-02-12 10:24:11','2025-02-15','已完成',1,1,3,15.00),(6,'ORD000005995270',1,100.00,'2025-01-01 10:25:53','2025-01-01','已完成',1,3,NULL,0.00),(7,'ORD000006739129',2,720.00,'2025-02-02 10:28:58','2025-02-05','已取消',3,4,NULL,0.00),(8,'ORD000007306415',1,150.00,'2024-11-13 10:32:30','2024-11-16','已完成',2,1,NULL,0.00),(9,'ORD000008927554',1,100.00,'2024-02-13 12:50:26','2024-02-14','已退款',27,3,NULL,0.00),(10,'ORD000009123456',2,300.00,'2025-02-20 10:00:00','2025-02-22','已完成',1,1,NULL,0.00),(11,'ORD000010234567',1,80.00,'2024-11-19 11:00:00','2024-11-21','已完成',2,2,NULL,0.00),(12,'ORD000011345678',3,300.00,'2025-02-18 12:00:00','2025-02-20','已完成',3,3,NULL,0.00),(13,'ORD000012456789',1,130.00,'2025-02-17 13:00:00','2025-02-19','已完成',4,1,6,20.00),(14,'ORD000013567890',2,160.00,'2024-07-16 14:00:00','2024-07-18','已完成',5,2,NULL,0.00),(15,'ORD000014678901',1,100.00,'2025-02-15 15:00:00','2025-02-17','已完成',6,3,NULL,0.00),(16,'ORD000015789012',4,600.00,'2024-05-14 16:00:00','2024-05-16','已完成',7,1,NULL,0.00),(17,'ORD000016890123',1,80.00,'2025-02-13 17:00:00','2025-02-15','已完成',8,2,NULL,0.00),(18,'ORD000017901234',2,200.00,'2025-02-12 18:00:00','2025-02-14','已完成',9,3,NULL,0.00),(19,'ORD000018012345',1,150.00,'2025-02-11 19:00:00','2025-02-13','已完成',10,1,NULL,0.00),(20,'ORD000019123456',3,240.00,'2024-07-10 20:00:00','2024-07-12','已完成',11,2,NULL,0.00),(21,'ORD000020234567',1,100.00,'2025-02-09 21:00:00','2025-02-11','已完成',12,3,NULL,0.00),(22,'ORD000021345678',2,300.00,'2024-08-08 22:00:00','2024-08-10','已完成',13,1,NULL,0.00),(23,'ORD000022456789',1,80.00,'2025-02-07 23:00:00','2025-02-09','已完成',14,2,NULL,0.00),(24,'ORD000023567890',3,300.00,'2024-08-06 00:00:00','2024-08-08','已完成',15,3,NULL,0.00),(25,'ORD000024678901',1,150.00,'2025-02-05 01:00:00','2025-02-07','已完成',16,1,NULL,0.00),(26,'ORD000025789012',2,160.00,'2025-02-04 02:00:00','2025-02-06','已完成',17,2,NULL,0.00),(27,'ORD000026890123',1,100.00,'2024-10-03 03:00:00','2024-10-05','已完成',18,3,NULL,0.00),(28,'ORD000027901234',4,600.00,'2024-07-02 04:00:00','2024-07-04','已完成',19,1,NULL,0.00),(29,'ORD000028012345',1,80.00,'2025-02-01 05:00:00','2025-02-03','已完成',20,2,NULL,0.00),(30,'ORD000029123456',2,200.00,'2025-01-31 06:00:00','2025-02-02','已完成',21,3,NULL,0.00),(31,'ORD000030234567',1,150.00,'2025-01-30 07:00:00','2025-02-01','已完成',22,1,NULL,0.00),(32,'ORD000031345678',2,300.00,'2025-02-25 08:00:00','2025-02-27','待使用',23,1,NULL,0.00),(33,'ORD000032456789',1,80.00,'2025-02-24 09:00:00','2025-02-26','待使用',24,2,NULL,0.00),(34,'ORD000033567890',3,300.00,'2025-02-23 10:00:00','2025-02-25','待使用',25,3,NULL,0.00),(35,'ORD000034678901',1,150.00,'2025-02-22 11:00:00','2025-02-24','已退款',26,1,NULL,0.00),(36,'ORD000035789012',2,160.00,'2025-02-21 12:00:00','2025-02-23','已退款',27,2,NULL,0.00),(37,'ORD000036890123',1,100.00,'2025-02-20 13:00:00','2025-02-22','已取消',28,3,NULL,0.00),(38,'ORD000037901234',4,600.00,'2025-02-19 14:00:00','2025-02-21','已取消',29,1,NULL,0.00),(39,'ORD0000090001',2,300.00,'2024-03-05 09:15:00','2024-03-08','已完成',5,1,NULL,0.00),(40,'ORD0000100002',1,80.00,'2024-12-20 14:30:00','2024-12-25','已完成',12,2,NULL,0.00),(41,'ORD0000110003',3,300.00,'2025-01-10 11:00:00','2025-01-15','已完成',8,3,NULL,0.00),(42,'ORD0000120004',1,360.00,'2024-04-02 16:45:00','2024-04-05','已完成',19,4,NULL,0.00),(43,'ORD0000130005',2,160.00,'2025-05-18 10:20:00','2025-05-21','已完成',23,2,NULL,0.00),(44,'ORD0000140006',1,100.00,'2024-06-07 13:55:00','2024-06-10','已完成',30,3,NULL,0.00),(45,'ORD0000150007',4,600.00,'2025-07-25 08:10:00','2025-07-28','已完成',14,1,NULL,0.00),(46,'ORD0000160008',1,360.00,'2024-08-12 17:30:00','2024-08-15','已完成',7,4,NULL,0.00),(47,'ORD0000170009',3,1080.00,'2025-09-03 09:00:00','2025-09-06','已完成',25,4,NULL,0.00),(48,'ORD0000180010',2,200.00,'2024-10-22 14:15:00','2024-10-25','已完成',11,3,NULL,0.00),(49,'ORD0000190011',1,150.00,'2025-12-05 10:45:00','2025-12-08','已完成',3,1,NULL,0.00),(50,'ORD0000200012',5,400.00,'2024-03-18 16:20:00','2024-03-21','已完成',28,2,NULL,0.00),(51,'ORD0000210013',1,100.00,'2025-04-09 11:10:00','2025-04-12','已完成',17,3,NULL,0.00),(52,'ORD0000220014',3,1080.00,'2024-05-30 08:50:00','2024-06-02','已完成',6,4,NULL,0.00),(53,'ORD0000230015',2,300.00,'2025-06-15 13:25:00','2025-06-18','已完成',21,1,NULL,0.00),(54,'ORD0000240016',1,80.00,'2024-07-07 09:35:00','2024-07-10','已完成',9,2,NULL,0.00),(55,'ORD0000250017',4,400.00,'2025-08-22 14:00:00','2025-08-25','已完成',16,3,NULL,0.00),(56,'ORD0000260018',1,360.00,'2024-09-14 17:45:00','2024-09-17','已完成',24,4,NULL,0.00),(57,'ORD0000270019',2,300.00,'2025-10-05 10:15:00','2025-10-08','已完成',31,1,NULL,0.00),(58,'ORD0000280020',1,150.00,'2024-12-28 08:30:00','2024-12-31','已完成',13,1,NULL,0.00),(59,'ORD0000290021',3,240.00,'2025-01-17 15:20:00','2025-01-20','已完成',22,2,NULL,0.00),(60,'ORD0000300022',1,100.00,'2024-03-09 12:10:00','2024-03-12','已完成',10,3,NULL,0.00),(61,'ORD0000310023',2,720.00,'2025-04-01 09:55:00','2025-04-04','已完成',18,4,NULL,0.00),(62,'ORD0000320024',1,150.00,'2025-05-20 14:30:00','2025-05-23','待使用',15,1,NULL,0.00),(63,'ORD0000330025',2,160.00,'2024-06-15 11:20:00','2024-06-18','待评价',29,2,NULL,0.00),(64,'ORD0000340026',1,360.00,'2025-07-10 16:45:00','2025-07-13','待使用',27,4,NULL,0.00),(65,'ORD0000350027',3,300.00,'2024-08-05 09:10:00','2024-08-08','已退款',4,3,NULL,0.00),(66,'ORD0000360028',1,150.00,'2025-09-18 13:25:00','2025-09-21','已退款',20,1,NULL,0.00),(67,'ORD0000370029',2,720.00,'2024-10-12 17:30:00','2024-10-15','已取消',26,4,NULL,0.00),(68,'ORD0000380030',1,80.00,'2025-12-22 10:00:00','2025-12-25','已取消',2,2,NULL,0.00),(69,'ORD000003429705',1,150.00,'2025-03-06 21:21:10','2024-09-01','已退款',29,1,NULL,0.00),(71,'ORD000001443459',1,150.00,'2025-03-31 17:02:22','2024-09-01','已完成',29,1,NULL,0.00),(73,'ORD000001142218',1,360.00,'2025-03-31 17:31:34','2024-09-01','已退款',29,4,NULL,0.00),(76,'ORD000004965372',2,300.00,'2025-03-31 17:42:23','2025-02-09','已退款',29,1,NULL,0.00),(77,'ORD000001844234',1,150.00,'2025-04-06 20:13:13','2025-05-02','已完成',29,1,NULL,0.00),(78,'ORD000002190222',2,300.00,'2025-04-07 00:43:49','2024-09-01','已取消',29,1,NULL,0.00),(79,'ORD000001479837',1,100.00,'2025-04-08 02:05:01','2024-09-01','已完成',29,3,NULL,0.00),(80,'ORD000002033599',2,200.00,'2025-04-08 02:05:23','2024-09-01','已取消',29,3,NULL,0.00),(81,'ORD000003890439',1,100.00,'2025-04-08 02:06:05','2024-09-01','已取消',29,3,NULL,0.00),(82,'ORD000004168713',1,80.00,'2025-04-08 02:09:28','2024-09-01','已取消',29,2,NULL,0.00),(83,'ORD000001795615',1,150.00,'2025-04-09 14:12:26','2025-03-11','已完成',29,1,NULL,0.00),(84,'ORD000001882184',2,200.00,'2025-04-09 14:46:37','2024-05-14','已退款',29,3,NULL,0.00),(85,'ORD000001381686',1,360.00,'2025-04-09 14:54:27','2024-09-01','待评价',29,4,NULL,0.00),(86,'ORD000001437163',1,80.00,'2025-04-09 15:10:29','2025-07-09','已退款',29,2,NULL,0.00),(87,'ORD000002262182',1,100.00,'2025-04-10 15:14:55','2025-03-01','待评价',29,3,NULL,0.00),(88,'ORD000001624485',1,150.00,'2025-05-19 17:17:32','2025-05-17','已退款',29,1,NULL,0.00),(90,'ORD000003154677',1,360.00,'2025-05-19 17:22:02','2025-05-21','待评价',29,4,NULL,0.00),(91,'ORD000004024899',1,150.00,'2025-05-19 17:26:01','2025-05-21','已完成',29,1,NULL,0.00),(92,'ORD000005145529',1,80.00,'2025-05-19 17:30:35','2025-05-21','已退款',29,2,NULL,0.00),(94,'ORD000007258708',1,150.00,'2025-05-19 17:49:35','2025-05-21','待使用',29,1,NULL,0.00),(95,'ORD000001580155',1,360.00,'2025-05-20 20:54:55','2025-05-21','已取消',29,4,NULL,0.00),(96,'ORD000002088707',1,100.00,'2025-05-20 20:56:28','2025-05-22','已取消',29,3,NULL,0.00),(100,'ORD000001954373',1,127.50,'2025-08-31 12:21:31','2025-05-21','已取消',29,1,13,22.50),(101,'ORD000001845044',1,70.00,'2025-08-31 15:31:50','2025-05-21','已取消',29,3,17,30.00),(102,'ORD000001130299',1,70.00,'2025-08-31 15:54:00','2025-05-21','待使用',29,2,18,10.00),(103,'ORD000001079735',1,85.00,'2025-08-31 16:02:46','2025-05-21','待评价',29,3,19,15.00),(115,'ORD000001299873',1,120.00,'2025-08-31 17:25:40','2025-05-21','待使用',29,1,20,30.00),(116,'ORD000001138722',1,100.00,'2025-09-02 21:20:00','2025-05-21','已取消',29,3,NULL,0.00);

/*Table structure for table `ticket` */

CREATE TABLE `ticket` (
  `id` int NOT NULL AUTO_INCREMENT COMMENT 'ID',
  `name` varchar(255) CHARACTER SET utf8mb4 COLLATE utf8mb4_unicode_ci NOT NULL COMMENT '门票名称',
  `price` double(10,2) NOT NULL DEFAULT '0.00' COMMENT '门票价格',
  `content` longtext COLLATE utf8mb4_unicode_ci COMMENT '门票描述',
  PRIMARY KEY (`id`) USING BTREE
) ENGINE=InnoDB AUTO_INCREMENT=5 DEFAULT CHARSET=utf8mb4 COLLATE=utf8mb4_unicode_ci ROW_FORMAT=DYNAMIC COMMENT='门票表';

/*Data for the table `ticket` */

insert  into `ticket`(`id`,`name`,`price`,`content`) values (1,'成人票',150.00,'适用于18周岁及以上成年游客的全价门票，包含动物园所有常规展区参观权限。持票者可免费参观哺乳动物馆、鸟类天堂、两栖爬行馆、水生世界等主要展馆。门票当日有效，出园后再次入园需重新购票。购票时需出示有效身份证件，享受园区内指定商店95折优惠。'),(2,'儿童票',80.00,'适用于身高1.2米-1.5米或6周岁至18周岁的未成年游客。包含所有常规展区参观权限，需成人陪同入园。持票儿童可免费参与园区科普课堂（每日10:00/14:00各一场），体验动物喂养活动（需提前预约）。购买时需出示户口本或学生证等有效年龄证明。'),(3,'学生票',100.00,'全日制在校大学生、研究生凭有效学生证件购买的特惠票。包含成人票所有权益，额外赠送电子导览手册和纪念徽章。可在学术交流中心享受专属休息区，参与每月举办的动物保护专题讲座。需配合学生证和身份证同时使用，有效期至证件标注的毕业时间。'),(4,'家庭套餐',360.00,'2大1小（儿童身高1.2-1.5米）的优惠套票，包含三张联票和家庭礼包（含导览图、动物贴纸、纪念相框）。家庭游客可优先体验亲子互动项目，包括动物保育员体验（每日限10组）、动物主题手工坊等。套餐需同一家庭成员同时入园。');

/*Table structure for table `type` */

CREATE TABLE `type` (
  `id` int NOT NULL AUTO_INCREMENT COMMENT 'ID',
  `name` varchar(255) CHARACTER SET utf8mb4 COLLATE utf8mb4_unicode_ci NOT NULL COMMENT '分类名称',
  `content` text COLLATE utf8mb4_unicode_ci COMMENT '分类描述',
  PRIMARY KEY (`id`) USING BTREE
) ENGINE=InnoDB AUTO_INCREMENT=17 DEFAULT CHARSET=utf8mb4 COLLATE=utf8mb4_unicode_ci ROW_FORMAT=DYNAMIC COMMENT='动物分类表';

/*Data for the table `type` */

insert  into `type`(`id`,`name`,`content`) values (1,'哺乳动物','哺乳动物是脊椎动物亚门的一类，具有高度发达的神经系统和感官系统，用肺呼吸，体温恒定，胎生哺乳。动物园常见的哺乳动物包括大熊猫、东北虎、长颈鹿等。这类动物通常具有毛发覆盖，能保持体温恒定，多数为陆生动物，也有水生种类如鲸类。哺乳动物的育幼行为十分显著，母体会分泌乳汁哺育幼崽。'),(2,'鸟类','鸟类是脊椎动物亚门的一类，具有羽毛、喙和翅膀，卵生，前肢特化为翼。动物园常见的鸟类包括孔雀、火烈鸟、鸵鸟等。它们具有轻便的骨骼和中空的结构以适应飞行（部分不会飞），新陈代谢率高，多数具有复杂的求偶行为。鸟类在生态系统中扮演重要角色，既是种子传播者也是害虫控制者。'),(3,'爬行动物','爬行动物是冷血脊椎动物，体表覆盖角质鳞片或甲壳，用肺呼吸，卵生或卵胎生。包括鳄鱼、龟类、蜥蜴、蛇类等。它们通过行为调节体温，多数生活在温暖地区。爬行动物是现存最古老的陆生脊椎动物类群之一，具有重要的生态价值和研究价值。'),(4,'两栖动物','两栖动物具有湿润的皮肤，幼体用鳃呼吸，成体用肺呼吸，需要潮湿环境生活。包括青蛙、蝾螈、蟾蜍等。它们的生命周期通常经历水生到陆生的转变，皮肤具有呼吸和渗透功能。两栖动物对环境变化敏感，是重要的环境指示物种。'),(5,'鱼类','鱼类是水生脊椎动物，用鳃呼吸，通过鳍运动。包括鲨鱼、金鱼、锦鲤等。它们具有流线型身体结构，多数体表覆盖鳞片，通过侧线系统感知水压变化。鱼类在生态系统中占据重要地位，既有观赏性品种也有食用经济品种。');

/*Table structure for table `user` */

CREATE TABLE `user` (
  `id` int NOT NULL AUTO_INCREMENT COMMENT 'ID',
  `name` varchar(255) COLLATE utf8mb4_unicode_ci DEFAULT NULL COMMENT '昵称',
  `avatar` varchar(255) CHARACTER SET utf8mb4 COLLATE utf8mb4_unicode_ci DEFAULT NULL COMMENT '头像',
  `gender` varchar(255) CHARACTER SET utf8mb4 COLLATE utf8mb4_unicode_ci DEFAULT '保密' COMMENT '性别',
  `phone` varchar(255) CHARACTER SET utf8mb4 COLLATE utf8mb4_unicode_ci DEFAULT NULL COMMENT '手机号',
  `id_card` varchar(255) CHARACTER SET utf8mb4 COLLATE utf8mb4_unicode_ci DEFAULT NULL COMMENT '身份证',
  `openid` varchar(255) CHARACTER SET utf8mb4 COLLATE utf8mb4_unicode_ci DEFAULT NULL COMMENT '微信用户ID',
  `last_login` varchar(255) CHARACTER SET utf8mb4 COLLATE utf8mb4_unicode_ci DEFAULT NULL COMMENT '最近登录时间',
  `is_banned` varchar(255) CHARACTER SET utf8mb4 COLLATE utf8mb4_unicode_ci DEFAULT '否' COMMENT '是否禁用',
  PRIMARY KEY (`id`) USING BTREE
) ENGINE=InnoDB AUTO_INCREMENT=35 DEFAULT CHARSET=utf8mb4 COLLATE=utf8mb4_unicode_ci ROW_FORMAT=DYNAMIC COMMENT='用户表';

/*Data for the table `user` */

insert  into `user`(`id`,`name`,`avatar`,`gender`,`phone`,`id_card`,`openid`,`last_login`,`is_banned`) values (1,'王欢','http://192.168.10.15:9090/files/1739349055549-yonghu_touxiang2_new.jpg','女','12345678910','146379368362896739','hdj2Gh14fs79Hfs','2025-01-24 09:07:02','否'),(2,'刘天','http://192.168.10.15:9090/files/1739349363048-5b583808f93fa148!400x400.jpg','男','14687257835','134583685269684378','aH1n7cs5Xb36IL','2025-01-22 12:33:27','否'),(3,'沈晨','http://192.168.10.15:9090/files/1739432473522-47b7e0b450569eb9!400x400.jpg','男','17483078463','536876285903603617','bG3dyHS01Khs','2025-01-10 14:12:20','否'),(4,'陈丽','http://192.168.10.15:9090/files/1739432629770-yonghu_touxiang5_new.jpg','女','15332757946','284637794032768203','Gsh96dS3xk56D1r','2025-01-23 21:43:26','否'),(5,'齐思','http://192.168.10.15:9090/files/1739759656747-yonghu_touxiang6_new.jpg','保密','17254826439','173929375028351073','sL14jh6R8dG27','2025-02-17 10:35:20','否'),(6,'杜阎','http://192.168.10.15:9090/files/1739760138702-yonghu_touxiang9_new.jpg','男','18462057396','382047601837193815','dF14D6aHk9c8','2025-01-15 00:00:00','否'),(7,'房洺','http://192.168.10.15:9090/files/1739760177831-yonghu_touxiang13_new.jpg','保密','18453920562','375018364920321759','a2FdH5e9nY8cj','2025-02-12 00:00:00','否'),(8,'原妍','http://192.168.10.15:9090/files/1739760279260-图片7.png','女','16395729561','462849672636103794','r2h5L8G4fcY4','2025-02-02 17:50:21','否'),(9,'赵敏','http://192.168.10.15:9090/files/1739761090010-yonghu_touxiang11_new.jpg','女','13212345678','420984200001010001','wX3H8f5nJ7b2','2025-02-25 08:30:00','否'),(10,'孙鹏','http://192.168.10.15:9090/files/1739761163125-yonghu_touxiang12_new.jpg','男','15876543210','341221200002020002','mG6R4k3H1j8L','2025-02-24 14:20:00','否'),(11,'周悦','http://192.168.10.15:9090/files/1739761221527-yonghu_touxiang14_new.jpg','女','18635478901','610103200003030003','xQ9Y6f3D8aGc','2025-02-23 20:10:00','否'),(12,'单磊','http://192.168.10.15:9090/files/1739761252814-yonghu_touxiang15_new.jpg','男','13987654321','430521200004040004','nK2H7d5L4wP3','2025-02-22 11:35:00','否'),(13,'郑洁','http://192.168.10.15:9090/files/1739761262677-图片15.png','女','13324680123','510104200005050005','bJ6Q8h2M9cX5','2025-02-21 17:45:00','否'),(14,'王浩','http://192.168.10.15:9090/files/1739761275084-47b7e0b450569eb9!400x400.jpg','男','15143216548','320322200006060006','qP1Z9k4T2nL7','2025-02-20 09:05:00','否'),(15,'李娜','http://192.168.10.15:9090/files/1739761286155-yonghu_touxiang7_new.jpg','女','18976541230','440305200007070007','rW5S2f8H3mJ9','2025-02-19 13:25:00','否'),(16,'张强','http://192.168.10.15:9090/files/1739761297039-yonghu_touxiang4_new.jpg','男','13587632145','150402200008080008','tV2D5g6N1kJ4','2025-02-18 21:55:00','否'),(17,'刘芳','http://192.168.10.15:9090/files/1739761313984-yonghu_touxiang10_new.jpg','女','18234567890','500235200009090009','yU8G3h1P5bQ6','2025-02-17 08:45:00','否'),(18,'陈冬','http://192.168.10.15:9090/files/1739761326399-yonghu_touxiang1_new.jpg','男','13045678901','450203200010100010','aX3M7k6Q9hR2','2025-02-16 15:15:00','否'),(19,'杨静','http://192.168.10.15:9090/files/1739761341858-yonghu_touxiang2_new.jpg','女','15763245879','654002200011110011','wN5L1j8H2mQ4','2025-02-15 09:35:00','否'),(20,'黄磊','http://192.168.10.15:9090/files/1739761358446-yonghu_touxiang12_new.jpg','男','18324681357','469007200012120012','rZ7T4k2P8aX6','2025-02-14 14:55:00','否'),(21,'何洁','http://192.168.10.15:9090/files/1739761371917-yonghu_touxiang5_new.jpg','女','13654327890','360428200001150013','sP3K8h5N1jV2','2025-02-13 20:25:00','否'),(22,'高翔','http://192.168.10.15:9090/files/1739761395567-yonghu_touxiang6_new.jpg','男','15232165487','532923200002160014','tQ6D3g7M4kL8','2025-02-12 08:55:00','否'),(23,'郭婷','http://192.168.10.15:9090/files/1739761409615-图片15.png','女','18876532410','411526200003170015','uW9H2f4P7mN5','2025-02-11 16:35:00','否'),(24,'曹阳','http://192.168.10.15:9090/files/1739761418806-47b7e0b450569eb9!400x400.jpg','男','13487651236','130826200004180016','vR3Z1j6Q4nX8','2025-02-10 22:05:00','否'),(25,'许晴','http://192.168.10.15:9090/files/1739761427773-yonghu_touxiang14_new.jpg','女','15932467852','620902200005190017','xY7S5g2N8kJ1','2025-02-09 10:45:00','否'),(26,'韩磊','http://192.168.10.15:9090/files/1739761438247-yonghu_touxiang4_new.jpg','男','18743216589','410825200006200018','wP5L8h3M2nQ7','2025-02-08 18:25:00','否'),(27,'冯静','http://192.168.10.15:9090/files/1739761451623-yonghu_touxiang10_new.jpg','女','13165432780','542123200007210019','zT2D6g4P9kJ3','2025-02-07 09:15:00','否'),(28,'程浩','http://192.168.10.15:9090/files/1739761459345-图片15.png','男','15324680197','140924200008220020','aX8G1j5N7bQ4','2025-02-06 15:45:00','否'),(29,'Fx','http://192.168.10.15:9090/files/1741078976164-wB6TvD9RjS1pb1d49922a51f92d0ee2bdd0f5fd18666.png','男','12425746864','256568953278945689','o1rec7cHrHFQx4mVMDU0bzkPedqY','2025-09-02 21:08:15','否');

/*Table structure for table `user_voucher` */

CREATE TABLE `user_voucher` (
  `id` bigint NOT NULL COMMENT 'ID',
  `user_id` int NOT NULL COMMENT '用户ID',
  `voucher_id` int NOT NULL COMMENT '优惠券ID',
  `state` tinyint NOT NULL DEFAULT '0' COMMENT '状态：0-未使用，1-已使用，2-已过期',
  `get_time` datetime DEFAULT CURRENT_TIMESTAMP COMMENT '领取时间',
  `use_time` datetime DEFAULT NULL COMMENT '使用时间（下单时使用）',
  `order_id` int DEFAULT NULL COMMENT '使用的订单ID',
  PRIMARY KEY (`id`) USING BTREE,
  KEY `user_id` (`user_id`),
  KEY `voucher_id` (`voucher_id`),
  KEY `order_id` (`order_id`),
  CONSTRAINT `user_voucher_ibfk_1` FOREIGN KEY (`user_id`) REFERENCES `user` (`id`),
  CONSTRAINT `user_voucher_ibfk_2` FOREIGN KEY (`voucher_id`) REFERENCES `voucher` (`id`),
  CONSTRAINT `user_voucher_ibfk_3` FOREIGN KEY (`order_id`) REFERENCES `order` (`id`)
) ENGINE=InnoDB DEFAULT CHARSET=utf8mb4 COLLATE=utf8mb4_unicode_ci ROW_FORMAT=DYNAMIC COMMENT='用户优惠券表';

/*Data for the table `user_voucher` */

insert  into `user_voucher`(`id`,`user_id`,`voucher_id`,`state`,`get_time`,`use_time`,`order_id`) values (1,1,1,2,'2024-03-20 10:30:00',NULL,NULL),(2,1,3,1,'2024-03-15 14:25:00','2024-03-18 16:40:00',5),(3,2,2,2,'2024-03-22 09:15:00',NULL,NULL),(4,2,4,1,'2024-03-21 11:20:00','2025-08-30 18:21:58',1),(5,3,1,2,'2024-02-10 08:45:00',NULL,NULL),(6,3,5,2,'2024-03-25 13:30:00',NULL,NULL),(7,4,6,1,'2024-03-18 15:10:00','2024-03-19 10:25:00',13),(8,4,7,2,'2024-03-24 16:50:00',NULL,NULL),(9,5,13,0,'2024-03-23 12:05:00',NULL,NULL),(10,5,16,0,'2024-03-26 17:35:00',NULL,NULL),(496443222361374722,1,13,0,'2025-08-30 19:33:15',NULL,NULL),(496689238088089601,29,13,1,'2025-08-31 11:27:55','2025-08-31 12:21:31',100),(496715557647679492,29,16,0,'2025-08-31 13:10:03',NULL,NULL),(496750694775128069,29,17,1,'2025-08-31 15:26:24','2025-08-31 15:31:50',101),(496756097843986441,29,18,1,'2025-08-31 15:47:22','2025-08-31 15:54:00',102),(496759903185010701,29,19,1,'2025-08-31 16:02:08','2025-08-31 16:10:13',103),(496764232512045074,29,20,1,'2025-08-31 16:18:56','2025-08-31 17:25:40',115);

/*Table structure for table `voucher` */

CREATE TABLE `voucher` (
  `id` int NOT NULL AUTO_INCREMENT COMMENT 'ID',
  `title` varchar(255) CHARACTER SET utf8mb4 COLLATE utf8mb4_unicode_ci NOT NULL COMMENT '优惠券名称',
  `type` tinyint NOT NULL DEFAULT '1' COMMENT '类型：1-折扣券，2-满减券',
  `value` double(10,2) NOT NULL DEFAULT '0.00' COMMENT '优惠值：折扣券为折扣（如0.9表示9折），满减券为减免金额',
  `min_amount` double(10,2) NOT NULL DEFAULT '0.00' COMMENT '最低消费金额（满减券需要）',
  `stock` int NOT NULL DEFAULT '0' COMMENT '库存',
  `begin_time` datetime NOT NULL COMMENT '有效期开始时间',
  `end_time` datetime NOT NULL COMMENT '有效期结束时间',
  `create_time` datetime DEFAULT CURRENT_TIMESTAMP COMMENT '创建时间',
  `update_time` datetime DEFAULT CURRENT_TIMESTAMP ON UPDATE CURRENT_TIMESTAMP COMMENT '更新时间',
  PRIMARY KEY (`id`) USING BTREE
) ENGINE=InnoDB AUTO_INCREMENT=21 DEFAULT CHARSET=utf8mb4 COLLATE=utf8mb4_unicode_ci ROW_FORMAT=DYNAMIC COMMENT='优惠券表';

/*Data for the table `voucher` */

insert  into `voucher`(`id`,`title`,`type`,`value`,`min_amount`,`stock`,`begin_time`,`end_time`,`create_time`,`update_time`) values (1,'满100减10',2,10.00,100.00,50,'2023-10-01 00:00:00','2023-10-07 23:59:59','2025-08-25 23:01:57','2025-08-25 23:01:57'),(2,'国庆节9折优惠',1,0.90,0.00,100,'2023-10-01 00:00:00','2023-10-07 23:59:59','2025-08-25 23:02:08','2025-08-25 23:02:08'),(3,'新用户专享9折券',1,0.90,0.00,1000,'2024-01-01 00:00:00','2024-12-31 23:59:59','2025-08-26 22:59:48','2025-08-29 22:00:37'),(4,'满100减20元券',2,20.00,100.00,500,'2024-01-01 00:00:00','2024-12-31 23:59:59','2025-08-26 22:59:48','2025-08-26 22:59:48'),(5,'全场通用8.5折券',1,0.85,50.00,300,'2024-03-01 00:00:00','2024-06-30 23:59:59','2025-08-26 22:59:48','2025-08-26 22:59:48'),(6,'满200减50元券',2,50.00,200.00,200,'2024-04-01 00:00:00','2024-08-31 23:59:59','2025-08-26 22:59:48','2025-08-26 22:59:48'),(7,'夏日特惠7折券',1,0.70,100.00,150,'2024-06-01 00:00:00','2024-08-31 23:59:59','2025-08-26 22:59:48','2025-08-26 22:59:48'),(8,'满300减80元券',2,80.00,300.00,100,'2024-05-01 00:00:00','2024-10-31 23:59:59','2025-08-26 22:59:48','2025-08-26 22:59:48'),(9,'会员专享8折券',1,0.80,0.00,800,'2024-02-01 00:00:00','2024-12-31 23:59:59','2025-08-26 22:59:48','2025-08-26 22:59:48'),(10,'满150减30元券',2,30.00,150.00,400,'2024-03-15 00:00:00','2024-09-15 23:59:59','2025-08-26 22:59:48','2025-08-26 22:59:48'),(11,'周年庆5折券',1,0.50,200.00,50,'2024-07-01 00:00:00','2024-07-31 23:59:59','2025-08-26 22:59:48','2025-08-26 22:59:48'),(12,'满500减150元券',2,150.00,500.00,80,'2024-01-01 00:00:00','2024-11-30 23:59:59','2025-08-26 22:59:48','2025-08-26 22:59:48'),(13,'暑期大促折扣券',1,0.85,0.00,98,'2025-08-01 00:00:00','2025-08-31 23:59:59','2025-08-27 22:17:06','2025-08-31 11:29:12'),(14,'开学季满减券',2,50.00,200.00,200,'2025-09-01 00:00:00','2025-09-30 23:59:59','2025-08-27 22:17:06','2025-08-27 22:17:06'),(15,'八月周末特惠',1,0.75,0.00,50,'2025-08-15 00:00:00','2025-08-17 23:59:59','2025-08-27 22:17:06','2025-08-27 22:17:06'),(16,'九月新品优惠',2,30.00,100.00,149,'2025-09-10 00:00:00','2025-09-20 23:59:59','2025-08-27 22:17:06','2025-08-31 13:10:03'),(17,'夏末清仓折扣',1,0.70,0.00,79,'2025-08-25 00:00:00','2025-09-05 23:59:59','2025-08-27 22:17:06','2025-08-31 15:26:24'),(18,'促销优惠券',2,10.00,50.00,99,'2025-08-30 00:00:00','2025-09-02 23:59:59','2025-08-31 15:46:29','2025-08-31 15:47:22'),(19,'夏末满减活动',2,15.00,100.00,199,'2025-08-25 00:00:00','2025-08-31 23:59:59','2025-08-31 16:00:40','2025-08-31 16:02:08'),(20,'夏日折扣券',1,0.80,0.00,149,'2025-08-10 00:00:00','2025-08-31 23:59:59','2025-08-31 16:17:52','2025-08-31 16:18:56');

/*!40101 SET SQL_MODE=@OLD_SQL_MODE */;
/*!40014 SET UNIQUE_CHECKS=@OLD_UNIQUE_CHECKS */;
/*!40111 SET SQL_NOTES=@OLD_SQL_NOTES */;
